,Title,Price,Rating
638,An Abundance of Katherines,1000.0,Five
501,The Origin of Species,1001.0,Four
716,The Tipping Point: How Little Things Can Make a Big Difference,1002.0,Two
84,Patience,1016.0,Three
302,Greek Mythic History,1023.0,Five
558,The Fellowship of the Ring (The Lord of the Rings #1),1027.0,Two
479,History of Beauty,1029.0,Four
242,The Lucifer Effect: Understanding How Good People Turn Evil,1040.0,One
434,"NaNo What Now? Finding your editing process, revising your NaNoWriMo book and building a writing career through publishing and beyond",1041.0,Four
274,Pet Sematary,1056.0,Three
297,I Am Pilgrim (Pilgrim #1),1060.0,Four
858,Counting Thyme,1062.0,One
938,The Complete Maus (Maus #1-2),1064.0,Three
144,The Project,1065.0,One
878,Are We There Yet?,1066.0,Three
258,Tastes Like Fear (DI Marnie Rome #3),1069.0,One
181,Miss Peregrineâs Home for Peculiar Children (Miss Peregrineâs Peculiar Children #1),1076.0,One
835,Green Eggs and Ham (Beginner Books B-16),1079.0,Four
644,A Clash of Kings (A Song of Ice and Fire #2),1079.0,Three
341,"Adulthood Is a Myth: A ""Sarah's Scribbles"" Collection",1090.0,Two
725,The Restaurant at the End of the Universe (Hitchhiker's Guide to the Galaxy #2),1092.0,One
163,The Argonauts,1093.0,Two
152,The Long Shadow of Small Ghosts: Murder and Memory in an American City,1097.0,One
590,The Power Greens Cookbook: 140 Delicious Superfood Recipes,1105.0,Five
789,Reservations for Two,1110.0,Three
206,Beauty Restored (Riley Family Legacy Novellas #3),1111.0,Two
316,Dear Mr. Knightley,1121.0,Five
323,City of Fallen Angels (The Mortal Instruments #4),1123.0,Four
601,The Darkest Corners,1133.0,Five
521,"Naturally Lean: 125 Nourishing Gluten-Free, Plant-Based Recipes--All Under 300 Calories",1138.0,Five
485,Brilliant Beacons: A History of the American Lighthouse,1145.0,Three
609,Remember Me?,1148.0,Three
354,My Kitchen Year: 136 Recipes That Saved My Life,1153.0,Two
900,"Fruits Basket, Vol. 2 (Fruits Basket #2)",1164.0,Five
392,"The Sleep Revolution: Transforming Your Life, One Night at a Time",1168.0,Four
893,"Saga, Volume 2 (Saga (Collected Editions) #2)",1175.0,Three
423,Underlying Notes,1182.0,Two
277,Old School (Diary of a Wimpy Kid #10),1183.0,Five
603,The 5th Wave (The 5th Wave #1),1183.0,Two
380,Hide Away (Eve Duncan #20),1184.0,One
809,Lust & Wonder,1187.0,Two
367,The Children,1188.0,Three
261,Superman Vol. 1: Before Truth (Superman by Gene Luen Yang #1),1189.0,Five
888,"The Suffragettes (Little Black Classics, #96)",1189.0,Two
492,You Are a Badass: How to Stop Doubting Your Greatness and Start Living an Awesome Life,1208.0,Three
535,Every Heart a Doorway (Every Heart A Doorway #1),1216.0,Five
168,So You've Been Publicly Shamed,1223.0,Two
729,The Purest Hook (Second Circle Tattoos #3),1225.0,One
934,The Girl You Lost,1229.0,Five
749,The Giver (The Giver Quartet #1),1230.0,One
917,The Silent Wife,1234.0,Five
426,"The Moosewood Cookbook: Recipes from Moosewood Restaurant, Ithaca, New York",1234.0,Four
663,"Orchestra of Exiles: The Story of Bronislaw Huberman, the Israel Philharmonic, and the One Thousand Jews He Saved from Nazi Horrors",1236.0,Three
810,Lila (Gilead #3),1247.0,Three
214,Agnostic: A Spirited Manifesto,1251.0,Five
469,Living Forward: A Proven Plan to Stop Drifting and Get the Life You Want,1255.0,Three
138,The Third Wave: An Entrepreneurâs Vision of the Future,1261.0,Five
665,Night Shift (Night Shift #1-20),1275.0,Four
20,In Her Wake,1284.0,One
895,New Moon (Twilight #2),1286.0,Four
681,Dark Lover (Black Dagger Brotherhood #1),1287.0,One
785,Running with Scissors,1291.0,Four
223,Walt Disney's Alice in Wonderland,1296.0,Five
755,"The Elegant Universe: Superstrings, Hidden Dimensions, and the Quest for the Ultimate Theory",1303.0,Four
616,Logan Kade (Fallen Crest High #5.5),1312.0,Two
489,"A Murder Over a Girl: Justice, Gender, Junior High",1320.0,Three
525,Life of Pi,1322.0,Four
946,Sister Sable (The Mad Queen #1),1333.0,Three
351,"The Three Searches, Meaning, and the Story",1333.0,Three
400,Mothering Sunday,1334.0,Two
81,Princess Between Worlds (Wide-Awake Princess #5),1334.0,Five
683,Changing the Game (Play by Play #2),1338.0,Three
183,Little Red,1347.0,Three
801,Night (The Night Trilogy #1),1351.0,One
80,"Princess Jellyfish 2-in-1 Omnibus, Vol. 01 (Princess Jellyfish 2-in-1 Omnibus #1)",1361.0,Five
703,Vegan Vegetarian Omnivore: Dinner for Everyone at the Table,1366.0,Two
398,Playing with Fire,1371.0,Three
659,Some Women,1373.0,Five
595,The Grand Design,1376.0,Three
250,The Guilty (Will Robie #4),1382.0,Two
356,Will You Won't You Want Me?,1386.0,Three
671,Harry Potter and the Sorcerer's Stone (Harry Potter #1),1390.0,Three
257,That Darkness (Gardiner and Renner #1),1392.0,One
10,"Starving Hearts (Triangular Trade Trilogy, #1)",1399.0,Two
92,"Mama Tried: Traditional Italian Cooking for the Screwed, Crude, Vegan, and Tattooed",1402.0,Four
88,On a Midnight Clear,1407.0,Three
883,A Visit from the Goon Squad,1408.0,Five
460,Roller Girl,1410.0,Five
796,Outliers: The Story of Success,1416.0,One
176,Poems That Make Grown Women Cry,1419.0,Four
47,Untitled Collection: Sabbath Poems 2014,1427.0,Four
218,Wild Swans,1436.0,Two
310,Eight Hundred Grapes,1439.0,Four
936,The End of the Jesus Era (An Investigation #1),1440.0,One
713,"The Wicked + The Divine, Vol. 3: Commercial Suicide (The Wicked + The Divine)",1441.0,Three
364,The Epidemic (The Program 0.6),1444.0,Five
746,The Guns of August,1454.0,Two
782,Scarlet (The Lunar Chronicles #2),1457.0,Four
348,A Distant Mirror: The Calamitous 14th Century,1458.0,Three
585,Two Summers,1464.0,One
675,Harry Potter and the Chamber of Secrets (Harry Potter #2),1474.0,One
416,A Gentleman's Position (Society of Gentlemen #3),1475.0,Five
298,"Hyperbole and a Half: Unfortunate Situations, Flawed Coping Mechanisms, Mayhem, and Other Things That Happened",1475.0,Five
939,The Communist Manifesto,1476.0,Three
652,The Hound of the Baskervilles (Sherlock Holmes #5),1482.0,Two
89,Obsidian (Lux #1),1486.0,Two
306,"Far & Away: Places on the Brink of Change: Seven Continents, Twenty-Five Years",1506.0,Four
587,The Secret Garden,1508.0,Four
852,Disrupted: My Misadventure in the Start-Up Bubble,1528.0,Five
844,Fifty Shades Freed (Fifty Shades #3),1536.0,Five
208,Batman: The Dark Knight Returns (Batman),1538.0,Five
907,"Vampire Knight, Vol. 1 (Vampire Knight #1)",1540.0,One
559,The Collected Poems of W.B. Yeats (The Collected Works of W.B. Yeats #1),1542.0,Five
85,"Outcast, Vol. 1: A Darkness Surrounds Him (Outcast #1)",1544.0,Four
209,Ayumi's Violin,1548.0,Two
619,Kill the Boy Band,1552.0,Five
374,One with You (Crossfire #5),1571.0,Four
715,The Travelers,1577.0,One
255,The Bad-Ass Librarians of Timbuktu: And Their Race to Save the Worldâs Most Precious Manuscripts,1577.0,One
557,The Girl You Left Behind (The Girl You Left Behind #1),1579.0,One
935,The Girl In The Ice (DCI Erika Foster #1),1585.0,Three
34,Sophie's World,1594.0,Five
107,First and First (Five Boroughs #3),1597.0,Four
931,The Iliad,1616.0,One
608,Shiver (The Wolves of Mercy Falls #1),1623.0,Five
504,The Glass Castle,1624.0,One
166,Something More Than This,1624.0,Four
765,The Cat in the Hat (Beginner Books B-1),1626.0,Two
293,Lady Midnight (The Dark Artifices #1),1628.0,Five
611,Peak: Secrets from the New Science of Expertise,1628.0,Two
51,Tsubasa: WoRLD CHRoNiCLE 2 (Tsubasa WoRLD CHRoNiCLE #2),1628.0,One
624,"Fruits Basket, Vol. 5 (Fruits Basket #5)",1633.0,One
410,Daredevils,1634.0,Three
507,The Constant Princess (The Tudor Court #1),1662.0,Three
123,A Murder in Time,1664.0,One
427,The Flowers Lied,1668.0,Two
344,A Study in Scarlet (Sherlock Holmes #1),1673.0,Two
64,The Life-Changing Magic of Tidying Up: The Japanese Art of Decluttering and Organizing,1677.0,Three
891,The Course of Love,1678.0,Three
653,The Gunning of America: Business and the Making of American Gun Culture,1681.0,Four
182,Louisa: The Extraordinary Life of Mrs. Adams,1685.0,Two
240,The Power of Habit: Why We Do What We Do in Life and Business,1688.0,Three
401,"Mother, Can You Not?",1689.0,Five
626,Fool Me Once,1696.0,One
997,A Spy's Devotion (The Regency Spies of London #1),1697.0,Five
335,Balloon Animals,1703.0,Three
114,Camp Midnight,1708.0,Four
643,A Feast for Crows (A Song of Ice and Fire #4),1721.0,Four
157,The Genius of Birds,1724.0,One
54,Thirst,1727.0,Five
403,Lilac Girls,1728.0,Two
245,The Literature Book (Big Ideas Simply Explained),1743.0,Three
139,The Stranger,1744.0,Four
12,Set Me Free,1746.0,Five
635,Booked,1749.0,Five
30,The Four Agreements: A Practical Guide to Personal Freedom,1766.0,Five
693,Wuthering Heights,1773.0,Three
446,Why Not Me?,1776.0,One
553,The Hobbit (Middle-Earth Universe),1780.0,Five
854,"David and Goliath: Underdogs, Misfits, and the Art of Battling Giants",1781.0,One
7,"The Coming Woman: A Novel Based on the Life of the Infamous Feminist, Victoria Woodhull",1793.0,Three
537,Counted With the Stars (Out from Egypt #1),1797.0,Five
36,Maude (1883-1993):She Grew Up with the country,1802.0,Two
289,Love Is a Mix Tape (Music #1),1803.0,One
696,"Where'd You Go, Bernadette",1813.0,One
276,Once Was a Time,1828.0,Two
570,Give It Back,1832.0,Two
211,Amy Meets the Saints and Sages,1846.0,Three
902,"Y: The Last Man, Vol. 1: Unmanned (Y: The Last Man #1)",1851.0,Four
848,Eclipse (Twilight #3),1874.0,One
555,The Golden Compass (His Dark Materials #1),1877.0,One
49,Unicorn Tracks,1878.0,Three
943,Taking Shots (Assassins #1),1888.0,Two
82,"Pop Gun War, Volume 1: Gift",1897.0,One
566,Me Before You (Me Before You #1),1902.0,One
791,Ready Player One,1907.0,Four
55,The Torch Is Passed: A Harding Family Story,1909.0,One
185,Large Print Heart of the Pride,1915.0,Two
937,The Edge of Reason (Bridget Jones #2),1918.0,Four
200,Dark Notes,1919.0,Five
761,The Cuckoo's Calling (Cormoran Strike #1),1921.0,One
486,Brazen: The Courage to Find the You That's Been Hiding,1922.0,Two
563,Pride and Prejudice,1927.0,Four
201,"Daring Greatly: How the Courage to Be Vulnerable Transforms the Way We Live, Love, Parent, and Lead",1943.0,Three
53,This One Summer,1949.0,Four
415,A Mother's Reckoning: Living in the Aftermath of Tragedy,1953.0,Three
294,"It's All Easy: Healthy, Delicious Weeknight Meals in under 30 Minutes",1955.0,One
532,"Fruits Basket, Vol. 7 (Fruits Basket #7)",1957.0,One
221,What's It Like in Space?: Stories from Astronauts Who've Been There,1960.0,Two
37,"In a Dark, Dark Wood",1963.0,One
662,Outlander (Outlander #1),1967.0,Five
827,I've Got Your Number,1969.0,One
913,The Zombie Room,1969.0,Five
71,The Age of Genius: The Seventeenth Century and the Birth of the Modern Mind,1973.0,One
78,Reskilling America: Learning to Labor in the Twenty-First Century,1983.0,Two
95,Lumberjanes Vol. 3: A Terrible Plan (Lumberjanes #9-12),1992.0,Two
664,No One Here Gets Out Alive,2002.0,Five
894,"Run, Spot, Run: The Ethics of Keeping Pets",2002.0,One
382,Everyday Italian: 125 Simple and Delicious Recipes,2010.0,Five
822,Is Everyone Hanging Out Without Me? (And Other Concerns),2011.0,Three
512,Team of Rivals: The Political Genius of Abraham Lincoln,2012.0,Five
474,John Vassos: Industrial Design for Modern Life,2022.0,Four
171,Secrets and Lace (Fatal Hearts #1),2027.0,One
326,Cell,2029.0,Four
992,Blood Defense (Samantha Brinkman #1),2030.0,Three
667,Mockingjay (The Hunger Games #3),2044.0,Four
406,Keep Me Posted,2046.0,Four
174,Redeeming Love,2047.0,Five
411,Cravings: Recipes for What You Want to Eat,2050.0,Three
378,"Love, Lies and Spies",2055.0,Two
65,"The Inefficiency Assassin: Time Management Tactics for Working Smarter, Not Longer",2059.0,Five
11,Shakespeare's Sonnets,2066.0,Four
634,Critique of Pure Reason,2075.0,One
872,Between Shades of Gray,2079.0,Five
414,Adultery,2088.0,Five
536,Delivering the Truth (Quaker Midwife Mystery #1),2089.0,Four
513,Steal Like an Artist: 10 Things Nobody Told You About Being Creative,2090.0,Two
514,"Sit, Stay, Love",2090.0,Three
436,If I Gave You God's Phone Number....: Searching for Spirituality in America,2091.0,One
737,The Maze Runner (The Maze Runner #1),2093.0,One
573,"Fruits Basket, Vol. 6 (Fruits Basket #6)",2096.0,Four
394,The Art of Startup Fundraising,2100.0,Three
130,Tuesday Nights in 1980,2104.0,Two
701,Voyager (Outlander #3),2107.0,Five
866,Boy Meets Boy,2112.0,Three
711,"Thinking, Fast and Slow",2114.0,One
397,"Setting the World on Fire: The Brief, Astonishing Life of St. Catherine of Siena",2115.0,Two
369,Snatched: How A Drug Queen Went Undercover for the DEA and Was Kidnapped By Colombian Guerillas,2121.0,Three
843,Fire Bound (Sea Haven/Sisters of the Heart #5),2128.0,Four
578,An Unquiet Mind: A Memoir of Moods and Madness,2130.0,Three
191,Follow You Home,2136.0,One
413,Arena,2136.0,Four
875,Beautiful Creatures (Caster Chronicles #1),2155.0,Five
784,"Saga, Volume 3 (Saga (Collected Editions) #3)",2157.0,Five
412,Born for This: How to Find the Work You Were Meant to Do,2159.0,Five
956,"Paper Girls, Vol. 1 (Paper Girls #1-5)",2171.0,Four
949,Shadow Rites (Jane Yellowrock #10),2172.0,Four
868,Blink: The Power of Thinking Without Thinking,2174.0,Five
350,1491: New Revelations of the Americas Before Columbus,2180.0,Three
694,World War Z: An Oral History of the Zombie War,2180.0,One
461,Rising Strong,2182.0,Three
128,You Are What You Love: The Spiritual Power of Habit,2187.0,Four
685,Can You Keep a Secret?,2194.0,One
278,No Dream Is Too High: Life Lessons From a Man Who Walked on the Moon,2195.0,Two
477,Hystopia: A Novel,2196.0,Four
108,Fifty Shades Darker (Fifty Shades #2),2196.0,One
99,In the Country We Love: My Family Divided,2200.0,Four
877,Ash,2206.0,Four
227,Twenty Yawns,2208.0,Two
772,The Art of Fielding,2210.0,One
105,"Giant Days, Vol. 2 (Giant Days #5-8)",2211.0,Two
871,Big Little Lies,2211.0,One
320,Code Name Verity (Code Name Verity #1),2213.0,Four
754,"The End of Faith: Religion, Terror, and the Future of Reason",2213.0,Four
751,The Girl Who Played with Fire (Millennium Trilogy #2),2214.0,Two
493,Wildlife of New York: A Five-Borough Coloring Book,2214.0,Two
188,Grumbles,2216.0,Two
814,Letter to a Christian Nation,2220.0,One
627,Find Her (Detective D.D. Warren #8),2237.0,One
26,America's Cradle of Quarterbacks: Western Pennsylvania's Football Factory from Johnny Unitas to Joe Montana,2250.0,Three
614,Maybe Something Beautiful: How Art Transformed a Neighborhood,2254.0,One
8,The Boys in the Boat: Nine Americans and Their Epic Quest for Gold at the 1936 Berlin Olympics,2260.0,Four
5,The Requiem Red,2265.0,One
987,Charlie and the Chocolate Factory (Charlie Bucket #1),2285.0,Three
760,The Da Vinci Code (Robert Langdon #2),2296.0,Two
720,The Silkworm (Cormoran Strike #2),2305.0,Five
43,#HigherSelfie: Wake Up Your Life. Free Your Soul. Find Your Tribe.,2311.0,Five
158,The Emerald Mystery,2315.0,Two
723,The Road to Little Dribbling: Adventures of an American in Britain (Notes From a Small Island #2),2321.0,One
710,Three-Martini Lunch,2321.0,Three
623,Harry Potter and the Deathly Hallows (Harry Potter #7),2332.0,One
610,Red Dragon (Hannibal Lecter #1),2337.0,Three
244,The Loney,2340.0,One
770,The Autobiography of Malcolm X,2343.0,Two
272,Rain Fish,2357.0,Three
719,The Smitten Kitchen Cookbook,2359.0,One
615,Lola and the Boy Next Door (Anna and the French Kiss #2),2363.0,Four
32,The Elephant Tree,2382.0,Five
16,Olio,2388.0,One
63,"The Mindfulness and Acceptance Workbook for Anxiety: A Guide to Breaking Free from Anxiety, Phobias, and Worry Using Acceptance and Commitment Therapy",2389.0,Four
856,Dark Places,2390.0,Five
169,Shoe Dog: A Memoir by the Creator of NIKE,2399.0,Two
699,We Are All Completely Beside Ourselves,2404.0,One
136,The Wedding Dress,2412.0,One
672,Harry Potter and the Prisoner of Azkaban (Harry Potter #3),2417.0,Four
892,Sugar Rush (Offensive Line #2),2442.0,One
281,My Mrs. Brown,2448.0,Three
764,The Catcher in the Rye,2455.0,One
418,"10% Happier: How I Tamed the Voice in My Head, Reduced Stress Without Losing My Edge, and Found Self-Help That Actually Works",2457.0,Two
429,The Book of Mormon,2457.0,Three
798,Orange Is the New Black,2461.0,Two
215,Zealot: The Life and Times of Jesus of Nazareth,2470.0,Three
863,Career of Evil (Cormoran Strike #3),2472.0,Two
778,Soldier (Talon #3),2472.0,Two
593,The Little Paris Bookshop,2473.0,Three
548,The Mysterious Affair at Styles (Hercule Poirot #1),2480.0,Four
970,Lord of the Flies,2489.0,Three
613,Mexican Today: New and Rediscovered Recipes for Contemporary Kitchens,2491.0,Five
955,Paradise Lost (Paradise #1),2496.0,One
319,Cometh the Hour (The Clifton Chronicles #6),2501.0,Three
670,It,2501.0,Three
76,"Saga, Volume 6 (Saga (Collected Editions) #6)",2502.0,Three
817,"Lean In: Women, Work, and the Will to Lead",2502.0,One
468,"Love That Boy: What Two Presidents, Eight Road Trips, and My Son Taught Me About a Parent's Expectations",2506.0,Two
433,Nap-a-Roo,2508.0,One
606,Talking to Girls About Duran Duran: One Young Man's Quest for True Love and a Cooler Haircut,2515.0,Four
23,Chase Me (Paris Nights #2),2527.0,Five
494,What Happened on Beale Street (Secrets of the South Mysteries #2),2537.0,Five
228,Through the Woods,2538.0,Two
846,Extreme Prey (Lucas Davenport #26),2540.0,Three
271,"Red Hood/Arsenal, Vol. 1: Open for Business (Red Hood/Arsenal #1)",2548.0,Two
50,"Unbound: How Eight Technologies Made Us Human, Transformed Society, and Brought Our World to the Brink",2552.0,One
497,Toddlers Are A**holes: It's Not Your Fault,2555.0,One
539,Blue Like Jazz: Nonreligious Thoughts on Christian Spirituality,2577.0,One
773,"Surely You're Joking, Mr. Feynman!: Adventures of a Curious Character",2583.0,Two
944,Starlark,2583.0,Three
251,The First Hostage (J.B. Collins #2),2585.0,Three
967,Meditations,2589.0,Two
232,The White Queen (The Cousins' War #1),2591.0,Five
296,I Know What I'm Doing -- and Other Lies I Tell Myself: Dispatches from a Life Under Construction,2598.0,Four
999,"1,000 Places to See Before You Die",2608.0,Five
861,Cinder (The Lunar Chronicles #1),2609.0,One
167,Soft Apocalypse,2612.0,Two
813,Life After Life,2613.0,Two
360,The Midnight Watch: A Novel of the Titanic and the Californian,2620.0,One
733,The Nightingale,2626.0,Four
759,The Day the Crayons Came Home (Crayons),2633.0,Five
41,Reasons to Stay Alive,2641.0,Two
262,Still Life with Bread Crumbs,2641.0,Three
686,Atlas Shrugged,2658.0,Five
837,Gratitude,2666.0,Five
678,Girl With a Pearl Earring,2677.0,One
762,The Complete Stories and Poems (The Works of Edgar Allan Poe [Cameo Edition]),2678.0,Four
292,Let It Out: A Journey Through Journaling,2679.0,Five
373,Poisonous (Max Revere Novels #3),2680.0,Three
355,13 Hours: The Inside Account of What Really Happened In Benghazi,2706.0,One
308,Eligible (The Austen Project #4),2709.0,Three
229,This Is Where It Ends,2712.0,Two
402,M Train,2718.0,One
391,The Widow,2726.0,Two
867,"Born to Run: A Hidden Tribe, Superathletes, and the Greatest Race the World Has Never Seen",2735.0,Two
141,The Secret (The Secret #1),2737.0,Four
743,The Infinities,2741.0,One
873,Best of My Love (Fool's Gold #20),2741.0,Two
205,Becoming Wise: An Inquiry into the Mystery and Art of Living,2743.0,Two
164,The 10% Entrepreneur: Live Your Startup Dream Without Quitting Your Day Job,2755.0,Three
690,"A History of God: The 4,000-Year Quest of Judaism, Christianity, and Islam",2762.0,One
969,Lost Among the Living,2770.0,Four
677,God Is Not Great: How Religion Poisons Everything,2780.0,One
234,The Time Keeper,2788.0,Five
656,"The Demon Prince of Momochi House, Vol. 4 (The Demon Prince of Momochi House #4)",2788.0,Two
646,The Shining (The Shining #1),2788.0,Three
933,The Haters,2789.0,Five
333,Barefoot Contessa Back to Basics,2801.0,One
424,The Shack,2803.0,One
669,Little Women (Little Women #1),2807.0,Four
241,The Marriage of Opposites,2808.0,Four
119,"Avatar: The Last Airbender: Smoke and Shadow, Part 3 (Smoke and Shadow #3)",2809.0,Two
125,A Fierce and Subtle Poison,2813.0,Four
654,The Geography of Bliss: One Grump's Search for the Happiest Places in the World,2823.0,Two
530,How to Be a Domestic Goddess: Baking and the Art of Comfort Cooking,2825.0,Two
180,Modern Romance,2826.0,Five
649,The Passion of Dolssa,2832.0,Five
953,"Rhythm, Chord & Malykhin",2834.0,Two
968,Matilda,2834.0,One
483,Diary of a Citizen Scientist: Chasing Tiger Beetles and Other New Ways of Engaging the World,2841.0,One
986,Choosing Our Religion: The Spiritual Lives of America's Nones,2842.0,Four
451,"The Midnight Assassin: Panic, Scandal, and the Hunt for America's First Serial Killer",2845.0,Four
952,"Saga, Volume 1 (Saga (Collected Editions) #1)",2848.0,One
790,Red: The True Story of Red Riding Hood,2854.0,Three
591,The Metamorphosis,2858.0,One
524,Like Never Before (Walker Family #2),2877.0,Two
249,The Help Yourself Cookbook for Kids: 60 Easy Plant-Based Recipes Kids Can Make to Stay Healthy and Save the Earth,2877.0,Three
981,Forever Rockers (The Rocker #12),2880.0,Three
116,Burning,2881.0,Three
300,Hold Your Breath (Search and Rescue #1),2882.0,One
825,"In the Garden of Beasts: Love, Terror, and an American Family in Hitler's Berlin",2885.0,Three
828,I Am Malala: The Girl Who Stood Up for Education and Was Shot by the Taliban,2888.0,Two
283,Mr. Mercedes (Bill Hodges Trilogy #1),2890.0,One
456,South of Sunshine,2893.0,One
958,Origins (Alphas 0.5),2899.0,One
192,First Steps for New Christians (Print Edition),2900.0,One
470,Les Fleurs du Mal,2904.0,Five
170,"Shobu Samurai, Project Aryoku (#3)",2906.0,Three
115,Call the Nurse: True Stories of a Country Nurse on a Scottish Isle,2914.0,Five
290,Looking for Lovely: Collecting the Moments that Matter,2914.0,Five
101,"I Hate Fairyland, Vol. 1: Madly Ever After (I Hate Fairyland (Compilations) #1-5)",2917.0,Two
927,The Mirror & the Maze (The Wrath and the Dawn #1.5),2938.0,One
804,Morning Star (Red Rising #3),2940.0,One
919,The Selfish Gene,2945.0,One
467,Man's Search for Meaning,2948.0,Three
742,"The Land of 10,000 Madonnas",2964.0,Four
923,The Odyssey,2964.0,Three
295,Island of Dragons (Unwanteds #7),2965.0,One
106,Forever and Forever: The Courtship of Henry Longfellow and Fanny Appleton,2969.0,Three
730,The Picture of Dorian Gray,2970.0,Two
990,Bridget Jones's Diary (Bridget Jones #1),2982.0,One
651,The Hunger Games (The Hunger Games #1),2985.0,Five
340,All the Light We Cannot See,2987.0,Five
957,"Ouran High School Host Club, Vol. 1 (Ouran High School Host Club #1)",2987.0,Three
541,"At The Existentialist CafÃ©: Freedom, Being, and apricot cocktails with: Jean-Paul Sartre, Simone de Beauvoir, Albert Camus, Martin Heidegger, Edmund Husserl, Karl Jaspers, Maurice Merleau-Ponty and others",2993.0,Five
190,Frostbite (Vampire Academy #2),2999.0,Five
705,Under the Banner of Heaven: A Story of Violent Faith,3000.0,One
303,God: The Most Unpleasant Character in All Fiction,3003.0,Five
179,Mrs. Houdini,3025.0,Five
882,A Walk in the Woods: Rediscovering America on the Appalachian Trail,3048.0,Four
22,"Foolproof Preserving: A Guide to Small Batch Jams, Jellies, Pickles, Condiments, and More: A Foolproof Guide to Making Small Batch Jams, Jellies, Pickles, Condiments, and More",3052.0,Three
554,The Great Railway Bazaar,3054.0,One
588,The Raven King (The Raven Cycle #4),3057.0,Two
781,Seven Brief Lessons on Physics,3060.0,Four
562,Ship Leaves Harbor: Essays on Travel by a Recovering Journeyman,3060.0,Three
941,The Bette Davis Club,3066.0,Three
204,Big Magic: Creative Living Beyond Fear,3080.0,Three
120,Algorithms to Live By: The Computer Science of Human Decisions,3081.0,One
697,When You Are Engulfed in Flames,3089.0,Five
909,Twenty Love Poems and a Song of Despair,3095.0,Four
886,8 Keys to Mental Health Through Exercise,3104.0,One
31,The Five Love Languages: How to Express Heartfelt Commitment to Your Mate,3105.0,Three
52,Throwing Rocks at the Google Bus: How Growth Became the Enemy of Prosperity,3112.0,Three
463,Please Kill Me: The Uncensored Oral History of Punk,3119.0,Four
884,A Storm of Swords (A Song of Ice and Fire #3),3122.0,Two
641,A Girl's Guide to Moving On (New Beginnings #2),3130.0,One
889,The Sense of an Ending,3138.0,Three
797,Original Fake,3145.0,Three
618,Killing Floor (Jack Reacher #1),3149.0,Four
550,The Makings of a Fatherless Child,3158.0,Two
896,Life,3158.0,Five
673,Harry Potter and the Order of the Phoenix (Harry Potter #5),3163.0,Four
612,My Mother Was Nuts,3163.0,Four
803,Naked,3169.0,Three
45,When We Collided,3177.0,One
328,"Carry On, Warrior: Thoughts on Life Unarmed",3185.0,Three
698,We the People: The Modern-Day Figures Who Have Reshaped and Affirmed the Founding Fathers' Vision of America,3195.0,Three
160,The Bridge to Consciousness: I'm Writing the Bridge Between Science and Our Old and New Beliefs.,3200.0,Three
332,Batman: Europa,3201.0,Two
72,The Activist's Tao Te Ching: Ancient Advice for a Modern Revolution,3224.0,Five
358,The Star-Touched Queen,3230.0,Five
510,The Art Book,3234.0,Two
633,"Data, A Love Story: How I Gamed Online Dating to Meet My Match",3235.0,Three
700,Walk the Edge (Thunder Road #2),3236.0,Three
960,On the Road (Duluoz Legend),3236.0,Three
519,Playing from the Heart,3238.0,One
625,Foundation (Foundation (Publication Order) #1),3242.0,One
676,Gone with the Wind,3249.0,Three
233,The Wedding Pact (The O'Malleys #2),3261.0,Three
706,Two Boys Kissing,3274.0,Two
799,One for the Money (Stephanie Plum #1),3287.0,Two
983,Emma,3293.0,Two
580,World Without End (The Pillars of the Earth #2),3297.0,Four
140,The Shadow Hero (The Shadow Hero),3314.0,One
829,Hungry Girl Clean & Hungry: Easy All-Natural Recipes for Healthy Eating in the Real World,3314.0,Three
511,The 7 Habits of Highly Effective People: Powerful Lessons in Personal Change,3317.0,Four
439,Don't Forget Steven,3323.0,One
361,The Lonely City: Adventures in the Art of Being Alone,3326.0,Two
811,"Life, the Universe and Everything (Hitchhiker's Guide to the Galaxy #3)",3326.0,Two
35,Penny Maybe,3329.0,Three
6,The Dirty Little Secrets of Getting Your Dream Job,3334.0,Four
162,The Art of War,3334.0,Five
90,My Paris Kitchen: Recipes and Stories,3337.0,Two
39,You can't bury them all: Poems,3363.0,Two
922,The Republic,3378.0,Three
740,The Lean Startup: How Today's Entrepreneurs Use Continuous Innovation to Create Radically Successful Businesses,3392.0,Three
437,"Fruits Basket, Vol. 9 (Fruits Basket #9)",3395.0,Four
104,Her Backup Boyfriend (The Sorensen Family #1),3397.0,One
897,Kindle Paperwhite User's Guide,3400.0,Three
445,"Zero to One: Notes on Startups, or How to Build the Future",3406.0,Three
636,"Blue Lily, Lily Blue (The Raven Cycle #3)",3413.0,Five
338,Angels Walking (Angels Walking #1),3420.0,Two
607,Siddhartha,3422.0,Five
771,"The Art of Simple Food: Notes, Lessons, and Recipes from a Delicious Revolution",3432.0,Three
518,Raymie Nightingale,3441.0,Two
600,The Dream Thieves (The Raven Cycle #2),3450.0,One
24,Black Dust,3453.0,Five
920,The Secret Healer,3456.0,Three
993,"Bleach, Vol. 1: Strawberry and the Soul Reapers (Bleach #1)",3465.0,Five
498,The Year of Living Biblically: One Man's Humble Quest to Follow the Bible as Literally as Possible,3472.0,One
974,Imperfect Harmony,3474.0,Four
726,The Rest Is Noise: Listening to the Twentieth Century,3477.0,One
692,Zero History (Blue Ant #3),3477.0,One
668,Misery,3479.0,Two
680,Far From True (Promise Falls Trilogy #2),3493.0,Two
196,Drive: The Surprising Truth About What Motivates Us,3495.0,Four
977,Having the Barbarian's Baby (Ice Planet Barbarians #7.5),3496.0,Four
808,Manuscript Found in Accra,3498.0,Two
881,And Then There Were None,3501.0,Two
14,Rip it Up and Start Again,3502.0,Five
132,Throne of Glass (Throne of Glass #1),3507.0,Three
377,Most Wanted,3528.0,Three
864,Breaking Dawn (Twilight #4),3528.0,Five
253,The Darkest Lie,3535.0,Five
266,"So Cute It Hurts!!, Vol. 6 (So Cute It Hurts!! #6)",3543.0,Four
198,Doing It Over (Most Likely To #1),3561.0,Three
630,Dracula the Un-Dead,3563.0,Five
727,The Red Tent,3566.0,Five
98,Join,3567.0,Five
506,The Drowning Girls,3567.0,Three
444,23 Degrees South: A Tropical Tale of Changing Whether...,3579.0,Two
454,The Grownup,3588.0,One
440,Chernobyl 01:23:40: The Incredible True Story of the World's Worst Nuclear Disaster,3592.0,Two
499,The Whale,3596.0,Four
143,The Psychopath Test: A Journey Through the Madness Industry,3600.0,Two
502,The Great Gatsby,3605.0,Four
859,Cosmos,3617.0,Two
918,The Silent Twin (Detective Jennifer Knight #3),3625.0,Three
930,The Last Girl (The Dominion Trilogy #1),3626.0,Two
83,"Political Suicide: Missteps, Peccadilloes, Bad Calls, Backroom Hijinx, Sordid Pasts, Rotten Breaks, and Just Plain Dumb Mistakes in the Annals of American Politics",3628.0,Two
932,The Hook Up (Game On #1),3629.0,Five
925,The Nicomachean Ethics,3634.0,One
575,"Death Note, Vol. 6: Give-and-Take (Death Note #6)",3639.0,Three
465,My Life Next Door (My Life Next Door ),3639.0,Five
207,Batman: The Long Halloween (Batman),3650.0,Two
914,"The Wicked + The Divine, Vol. 1: The Faust Act (The Wicked + The Divine)",3652.0,Two
622,I Know Why the Caged Bird Sings (Maya Angelou's Autobiography #1),3655.0,Two
317,Daily Fantasy Sports,3658.0,One
212,Amid the Chaos,3658.0,One
113,"Codename Baboushka, Volume 1: The Conclave of Death",3672.0,Four
774,Stiff: The Curious Lives of Human Cadavers,3674.0,Three
731,The Paris Wife,3680.0,Three
880,Annie on My Mind,3683.0,Five
33,The Bear and the Piano,3689.0,One
455,The E-Myth Revisited: Why Most Small Businesses Don't Work and What to Do About It,3691.0,One
448,Vagabonding: An Uncommon Guide to the Art of Long-Term World Travel,3694.0,Two
173,Romero and Juliet: A Tragic Tale of Love and Zombies,3694.0,One
154,The House by the Lake,3695.0,One
372,Psycho: Sanitarium (Psycho #1.5),3697.0,Five
531,Good in Bed (Cannie Shapiro #1),3705.0,Five
224,V for Vendetta (V for Vendetta Complete),3710.0,Four
66,The Gutsy Girl: Escapades for Your Life of Epic Adventure,3713.0,One
728,The Purpose Driven Life: What on Earth Am I Here for?,3719.0,Three
736,The Name of God is Mercy,3725.0,Two
991,Bounty (Colorado Mountain #7),3726.0,Four
21,How Music Works,3732.0,Two
496,Under the Tuscan Sun,3733.0,Three
147,The Nerdy Nummies Cookbook: Sweet Treats for the Geek in All of Us,3734.0,Five
552,The Invention of Wings,3734.0,One
217,"Wonder Woman: Earth One, Volume One (Wonder Woman: Earth One #1)",3734.0,Four
862,Catastrophic Happiness: Finding Joy in Childhood's Messy Years,3735.0,Two
238,The Song of Achilles,3740.0,Five
951,Sense and Sensibility,3746.0,One
315,Demigods & Magicians: Percy and Annabeth Meet the Kanes (Percy Jackson & Kane Chronicles Crossover #1-3),3751.0,Five
484,Death by Leisure: A Cautionary Tale,3751.0,Four
832,Horrible Bear!,3752.0,Two
357,Tipping Point for Planet Earth: How Close Are We to the Edge?,3755.0,One
17,Mesaerion: The Best Science Fiction Stories 1800-1849,3759.0,One
838,Gone Girl,3760.0,Five
151,The Love and Lemons Cookbook: An Apple-to-Zucchini Celebration of Impromptu Cooking,3760.0,Two
284,More Than Music (Chasing the Dream #1),3761.0,Two
197,Done Rubbed Out (Reightman & Bailey #1),3772.0,Five
203,Chasing Heaven: What Dying Taught Me About Living,3780.0,Two
330,Buying In: The Secret Dialogue Between What We Buy and Who We Are,3780.0,Four
353,Rook,3786.0,Four
118,"Bitch Planet, Vol. 1: Extraordinary Machine (Bitch Planet (Collected Editions))",3792.0,Two
110,"Don't Be a Jerk: And Other Practical Advice from Dogen, Japan's Greatest Zen Master",3797.0,Two
980,Frankenstein,3800.0,Two
876,Awkward,3802.0,Two
621,If I Stay (If I Stay #1),3813.0,Five
60,The Nameless City (The Nameless City #1),3816.0,Four
220,Whole Lotta Creativity Going On: 60 Fun and Unusual Exercises to Awaken and Strengthen Your Creativity,3820.0,Four
146,The Omnivore's Dilemma: A Natural History of Four Meals,3821.0,Two
177,"Nightingale, Sing",3828.0,One
874,Beowulf,3835.0,Two
567,In the Woods (Dublin Murder Squad #1),3838.0,Two
279,"Naruto (3-in-1 Edition), Vol. 14: Includes Vols. 40, 41 & 42 (Naruto: Omnibus #14)",3839.0,Two
586,This Is Your Brain on Music: The Science of a Human Obsession,3840.0,One
973,Jane Eyre,3843.0,Five
161,The Artist's Way: A Spiritual Path to Higher Creativity,3849.0,Five
845,Fellside,3862.0,One
629,Drama,3870.0,Two
650,The Jazz of Physics: The Secret Link Between Music and the Structure of the Universe,3871.0,Three
352,Searching for Meaning in Gailana,3873.0,One
602,The Crossover,3877.0,Four
389,"A la Mode: 120 Recipes in 60 Pairings: Pies, Tarts, Cakes, Crisps, and More Topped with Ice Cream, Gelato, Frozen Custard, and More",3877.0,One
285,Made to Stick: Why Some Ideas Survive and Others Die,3885.0,Five
457,Smarter Faster Better: The Secrets of Being Productive in Life and Business,3889.0,Five
965,My Perfect Mistake (Over the Top #1),3892.0,Two
802,Neither Here nor There: Travels in Europe,3895.0,Three
388,A Paris Apartment,3901.0,Four
989,Bright Lines,3907.0,Five
794,Persepolis: The Story of a Childhood (Persepolis #1-2),3913.0,One
256,The 14th Colony (Cotton Malone #11),3924.0,One
853,Dead Wake: The Last Crossing of the Lusitania,3924.0,Five
982,Fighting Fate (Fighting #6),3924.0,Three
75,Security,3925.0,Two
447,When Breath Becomes Air,3936.0,Two
966,"Ms. Marvel, Vol. 1: No Normal (Ms. Marvel (2014-2015) #1)",3939.0,Four
363,The Golden Condom: And Other Essays on Love Lost and Found,3943.0,One
962,Off Sides (Off #1),3945.0,Five
263,Steve Jobs,3950.0,Five
906,Ways of Seeing,3951.0,Five
505,The Faith of Christopher Hitchens: The Restless Soul of the World's Most Notorious Atheist,3955.0,One
74,Soul Reader,3958.0,Two
527,King's Folly (The Kinsman Chronicles #1),3961.0,Five
577,Better Homes and Gardens New Cook Book,3961.0,Three
459,Shadows of the Past (Logan Point #1),3967.0,Five
546,The Rise and Fall of the Third Reich: A History of Nazi Germany,3967.0,Two
347,A Man Called Ove,3972.0,One
904,Where Lightning Strikes (Bleeding Stars #3),3977.0,Three
96,"Layered: Baking, Building, and Styling Spectacular Cakes",4011.0,One
314,Doctor Sleep (The Shining #2),4012.0,Two
800,Notes from a Small Island (Notes From a Small Island #1),4017.0,One
515,Sister Dear,4020.0,Four
979,"Fruits Basket, Vol. 1 (Fruits Basket #1)",4028.0,Five
28,Worlds Elsewhere: Journeys Around Shakespeareâs Globe,4030.0,Five
574,Deception Point,4032.0,Four
282,My Kind of Crazy,4036.0,One
975,Icing (Aces Hockey #2),4044.0,Four
478,Howl and Other Poems,4045.0,Two
247,The Immortal Life of Henrietta Lacks,4067.0,Two
471,Left Behind (Left Behind #1),4072.0,Two
70,The Art Forger,4076.0,Three
346,A People's History of the United States,4079.0,Two
385,Dirty (Dive Bar #1),4083.0,Four
942,The Art of Not Breathing,4083.0,Four
405,Lab Girl,4085.0,One
869,Black Flags: The Rise of ISIS,4087.0,One
824,Inferno (Robert Langdon #4),4100.0,Five
178,Night Sky with Exit Wounds,4105.0,One
175,Poses for Artists Volume 1 - Dynamic and Sitting Poses: An Essential Reference for Figure Drawing and the Human Form,4106.0,One
500,The Story of Art,4114.0,Four
988,Charity's Cross (Charles Towne Belles #4),4124.0,One
159,The Cookies & Cups Cookbook: 125+ sweet & savory recipes reminding you to Always Eat Dessert First,4125.0,One
763,The Complete Poems,4132.0,Five
903,While You Were Mine,4132.0,Five
452,The Martian (The Martian #1),4139.0,Two
381,Furiously Happy: A Funny Book About Horrible Things,4146.0,Four
280,My Name Is Lucy Barton,4156.0,One
915,The Tumor,4156.0,Five
131,Tracing Numbers on a Train,4160.0,Three
194,"Fables, Vol. 1: Legends in Exile (Fables #1)",4162.0,Four
787,"Rise of the Rocket Girls: The Women Who Propelled Us, from Missiles to the Moon to Mars",4167.0,Four
583,Where She Went (If I Stay #2),4173.0,Four
605,Tell Me Three Things,4181.0,One
153,The Kite Runner,4182.0,Four
73,Spark Joy: An Illustrated Master Class on the Art of Organizing and Tidying Up,4183.0,Four
707,Twilight (Twilight #1),4193.0,Two
945,"Skip Beat!, Vol. 01 (Skip Beat! #1)",4212.0,Three
571,"Girl, Interrupted",4214.0,Three
137,The Vacationers,4215.0,Four
199,"Deliciously Ella Every Day: Quick and Easy Recipes for Gluten-Free Snacks, Packed Lunches, and Simple Meals",4216.0,Three
839,Golden (Heart of Dread #3),4221.0,Four
628,Evicted: Poverty and Profit in the American City,4227.0,One
821,It's Never Too Late to Begin Again: Discovering Creativity and Meaning at Midlife and Beyond,4238.0,One
947,Shatter Me (Shatter Me #1),4240.0,One
724,The Rise of Theodore Roosevelt (Theodore Roosevelt #1),4257.0,Three
836,"Grayson, Vol 3: Nemesis (Grayson #3)",4272.0,One
508,The Bourne Identity (Jason Bourne #1),4278.0,Four
708,Twenties Girl,4280.0,Two
592,The Mathews Men: Seven Brothers and the War Against Hitler's U-boats,4291.0,Five
121,A World of Flavor: Your Gluten Free Passport,4295.0,One
62,The Most Perfect Thing: Inside (and Outside) a Bird's Egg,4296.0,Four
187,Hollow City (Miss Peregrineâs Peculiar Children #2),4298.0,One
450,The New Drawing on the Right Side of the Brain,4302.0,Three
230,The Year of Magical Thinking,4304.0,Two
371,Quench Your Own Thirst: Business Lessons Learned Over a Beer or Two,4314.0,One
916,The Story of Hong Gildong,4319.0,Four
551,The Joy of Cooking,4327.0,Four
324,City of Bones (The Mortal Instruments #1),4328.0,One
112,Crown of Midnight (Throne of Glass #2),4329.0,Three
149,The Mistake (Off-Campus #2),4329.0,Three
129,"William Shakespeare's Star Wars: Verily, A New Hope (William Shakespeare's Star Wars #4)",4330.0,Four
994,Beyond Good and Evil,4338.0,One
753,The Exiled,4345.0,Three
145,The Power of Now: A Guide to Spiritual Enlightenment,4354.0,Two
792,Quiet: The Power of Introverts in a World That Can't Stop Talking,4355.0,One
172,Scarlett Epstein Hates It Here,4355.0,Five
748,The Goldfinch,4358.0,Three
522,Meternity,4358.0,Three
739,The Lonely Ones,4359.0,Five
216,You (You #1),4361.0,Five
449,The Unlikely Pilgrimage of Harold Fry (Harold Fry #1),4362.0,Five
793,Prodigy: The Graphic Novel (Legend: The Graphic Novel #2),4363.0,Three
482,Ender's Game (The Ender Quintet #1),4364.0,One
438,Dress Your Family in Corduroy and Denim,4368.0,Three
816,Legend (Legend #1),4369.0,Four
830,"House of Lost Worlds: Dinosaurs, Dynasties, and the Story of Life on Earth",4370.0,Two
847,Eragon (The Inheritance Cycle #1),4387.0,Three
425,The New Brand You: Your New Image Makes the Sale for You,4405.0,Five
834,Heir to the Sky,4407.0,Four
243,The Long Haul (Diary of a Wimpy Kid #9),4407.0,One
148,The Murder of Roger Ackroyd (Hercule Poirot #4),4410.0,Four
321,Clockwork Angel (The Infernal Devices #1),4414.0,One
48,"Unseen City: The Majesty of Pigeons, the Discreet Charm of Snails & Other Wonders of the Urban Wilderness",4418.0,Four
29,Wall and Piece,4418.0,Four
911,Three Wishes (River of Time: California #1),4418.0,Two
476,I Will Find You,4421.0,One
155,The Glittering Court (The Glittering Court #1),4428.0,One
757,The Devil Wears Prada (The Devil Wears Prada #1),4429.0,One
542,A Summer In Europe,4434.0,Two
237,The Songs of the Gods,4448.0,Five
491,"""Most Blessed of the Patriarchs"": Thomas Jefferson and the Empire of the Imagination",4448.0,Five
599,The Expatriates,4458.0,Two
254,The Bane Chronicles (The Bane Chronicles #1-11),4473.0,Four
264,Sorting the Beef from the Bull: The Science of Food Fraud Forensics,4474.0,Four
544,A Gathering of Shadows (Shades of Magic #2),4481.0,Four
768,The Book of Basketball: The NBA According to The Sports Guy,4484.0,Five
788,Rework,4488.0,Two
950,Settling the Score (The Summer Games #1),4491.0,Two
734,The New Guy (and Other Senior Year Distractions),4492.0,Three
820,Jurassic Park (Jurassic Park #1),4497.0,One
472,Kill 'Em and Leave: Searching for James Brown and the American Soul,4505.0,Five
44,Without Borders (Wanderlove #1),4507.0,Two
815,Let's Pretend This Never Happened: A Mostly True Memoir,4511.0,One
533,For the Love: Fighting for Grace in a World of Impossible Standards,4513.0,Three
404,Lies and Other Acts of Love,4514.0,One
841,"Fruits Basket, Vol. 3 (Fruits Basket #3)",4517.0,Two
19,It's Only the Himalayas,4517.0,Two
259,Take Me with You,4521.0,Three
59,The Natural History of Us (The Fine Art of Pretending #2),4522.0,Three
976,"Hawkeye, Vol. 1: My Life as a Weapon (Hawkeye #1)",4524.0,Three
928,The Little Prince,4542.0,Two
732,The Obsession,4543.0,One
604,Tell the Wind and Fire,4551.0,Three
596,The Firm,4556.0,Three
260,Swell: A Year of Waves,4558.0,One
94,"Lumberjanes, Vol. 1: Beware the Kitten Holy (Lumberjanes #1-4)",4561.0,Three
714,The Undomestic Goddess,4575.0,Four
304,Glory over Everything: Beyond The Kitchen House,4584.0,Three
226,"Unbroken: A World War II Story of Survival, Resilience, and Redemption",4595.0,Two
529,How to Cook Everything Vegetarian: Simple Meatless Recipes for Great Food (How to Cook Everything),4601.0,Four
236,The Star-Touched Queen,4602.0,Five
695,Wild: From Lost to Found on the Pacific Crest Trail,4602.0,Three
103,How to Be Miserable: 40 Strategies You Already Use,4603.0,One
658,The Beast (Black Dagger Brotherhood #14),4608.0,Five
329,Carrie,4623.0,Two
783,Sarah's Key,4629.0,One
359,The Silent Sister (Riley MacPherson #1),4629.0,Five
225,Until Friday Night (The Field Party #1),4631.0,Two
495,Unreasonable Hope: Finding Faith in the God Who Brings Purpose to Your Pain,4633.0,Two
87,Online Marketing for Busy Authors: A Step-By-Step Guide,4635.0,One
642,A Game of Thrones (A Song of Ice and Fire #1),4642.0,Two
779,Shopaholic & Baby (Shopaholic #5),4645.0,Two
307,Every Last Word,4647.0,Three
569,How to Stop Worrying and Start Living,4649.0,Five
564,Musicophilia: Tales of Music and the Brain,4658.0,One
534,Finding God in the Ruins: How God Redeems Pain,4664.0,Two
269,salt.,4678.0,Four
210,Anonymous,4682.0,Four
840,Girl in the Blue Coat,4683.0,Two
556,The God Delusion,4685.0,Three
291,"Living Leadership by Insight: A Good Leader Achieves, a Great Leader Builds Monuments",4691.0,Four
93,"Lumberjanes, Vol. 2: Friendship to the Max (Lumberjanes #5-8)",4691.0,Two
954,"Rat Queens, Vol. 1: Sass & Sorcery (Rat Queens (Collected Editions) #1-5)",4696.0,Five
299,"Hush, Hush (Hush, Hush #1)",4702.0,Three
985,Deep Under (Walker Security #1),4709.0,Five
963,Of Mice and Men,4711.0,Two
473,Kierkegaard: A Christian Missionary to Christians,4713.0,One
597,The Fault in Our Stars,4722.0,One
325,City of Ashes (The Mortal Instruments #2),4727.0,One
581,"Will Grayson, Will Grayson (Will Grayson, Will Grayson)",4731.0,Four
435,Modern Day Fables,4744.0,Two
666,Needful Things,4751.0,Four
42,Private Paris (Private #10),4761.0,Five
399,Off the Hook (Fishing for Trouble #1),4767.0,Three
318,Crazy Love: Overwhelmed by a Relentless God,4772.0,Two
745,The Hitchhiker's Guide to the Galaxy (Hitchhiker's Guide to the Galaxy #1),4780.0,Three
3,Sharp Objects,4782.0,Four
270,Robin War,4782.0,Three
766,The Case for Christ (Cases for Christianity),4784.0,One
368,Stars Above (The Lunar Chronicles #4.5),4805.0,Two
620,Isla and the Happily Ever After (Anna and the French Kiss #3),4813.0,Five
540,Benjamin Franklin: An American Life,4819.0,Three
420,Without Shame,4827.0,Five
343,A Time of Torment (Charlie Parker #14),4835.0,Five
390,Troublemaker: Surviving Hollywood and Scientology,4839.0,Two
660,Shopaholic Ties the Knot (Shopaholic #3),4839.0,Five
86,orange: The Complete Collection 1 (orange: The Complete Collection #1),4841.0,One
417,11/22/63,4848.0,Three
408,Grey (Fifty Shades #4),4849.0,Four
565,Mere Christianity,4851.0,Three
184,Library of Souls (Miss Peregrineâs Peculiar Children #3),4856.0,Five
441,Art and Fear: Observations on the Perils (and Rewards) of Artmaking,4863.0,Four
386,Can You Keep a Secret? (Fear Street Relaunch #4),4864.0,One
582,Why Save the Bankers?: And Other Essays on Our Economic and Political Crisis,4867.0,Two
912,This One Moment (Pushing Limits #1),4871.0,One
396,Sleeping Giants (Themis Files #1),4874.0,One
674,Harry Potter and the Half-Blood Prince (Harry Potter #6),4875.0,Five
717,The Thing About Jellyfish,4877.0,One
252,The Dovekeepers,4878.0,One
336,Art Ops Vol. 1,4880.0,Three
268,See America: A Celebration of Our National Parks & Treasured Sites,4887.0,Three
682,Confessions of a Shopaholic (Shopaholic #1),4894.0,Two
776,Something Borrowed (Darcy & Rachel #1),4896.0,Five
503,The Good Girl,4903.0,Three
305,Feathers: Displays of Brilliant Plumage,4905.0,Three
69,"The Bulletproof Diet: Lose up to a Pound a Day, Reclaim Energy and Focus, Upgrade Your Life",4905.0,Three
857,Crazy Rich Asians (Crazy Rich Asians #1),4913.0,Five
870,"Black Butler, Vol. 1 (Black Butler #1)",4931.0,One
331,Brain on Fire: My Month of Madness,4932.0,Five
189,Full Moon over Noahâs Ark: An Odyssey to Mount Ararat and Beyond,4943.0,Four
661,Paper and Fire (The Great Library #2),4945.0,Five
117,Bossypants,4946.0,Two
202,Close to You,4946.0,Four
750,The Girl with All the Gifts,4947.0,Three
775,Spilled Milk: Based on a True Story,4951.0,One
747,The Guernsey Literary and Potato Peel Pie Society,4953.0,One
691,'Salem's Lot,4956.0,Four
370,Raspberry Pi Electronics Projects for the Evil Genius,4967.0,Four
523,Memoirs of a Geisha,4967.0,Three
419,10-Day Green Smoothie Cleanse: Lose Up to 15 Pounds in 10 Days!,4971.0,Five
287,Luckiest Girl Alive,4983.0,Three
826,If I Run (If I Run #1),4997.0,Four
568,In Cold Blood,4998.0,Four
2,Soumission,5010.0,One
786,Rogue Lawyer (Rogue Lawyer #1),5011.0,Three
647,The Pilgrim's Progress,5026.0,Two
46,"We Love You, Charlie Freeman",5027.0,Five
520,Nightstruck: A Novel,5035.0,Four
79,"Rat Queens, Vol. 3: Demons (Rat Queens (Collected Editions) #11-15)",5040.0,Three
679,"Fruits Basket, Vol. 4 (Fruits Basket #4)",5044.0,Four
443,A Hero's Curse (The Unseen Chronicles #1),5049.0,Three
213,Amatus,5054.0,Five
926,The Name of the Wind (The Kingkiller Chronicle #1),5059.0,Three
334,Barefoot Contessa at Home: Everyday Recipes You'll Make Over and Over Again,5062.0,Five
702,Very Good Lives: The Fringe Benefits of Failure and the Importance of Imagination,5066.0,Three
327,Catching Jordan (Hundred Oaks),5083.0,Three
273,"Quarter Life Poetry: Poems for the Young, Broke and Hangry",5089.0,Five
887,#GIRLBOSS,5096.0,One
561,Tell the Wolves I'm Home,5096.0,Two
77,"Saga, Volume 5 (Saga (Collected Editions) #5)",5104.0,Two
833,Holidays on Ice,5107.0,Two
453,The High Mountains of Portugal,5115.0,One
526,Leave This Song Behind: Teen Poetry at Its Best,5117.0,Five
842,"Friday Night Lights: A Town, a Team, and a Dream",5122.0,Three
639,America's War for the Greater Middle East: A Military History,5122.0,Two
865,Brave Enough,5132.0,Five
984,"Eat, Pray, Love",5132.0,Three
18,Libertarianism for Beginners,5133.0,Two
409,"Exit, Pursued by a Bear",5134.0,Four
142,The Regional Office Is Under Attack!,5136.0,Five
339,Angels & Demons (Robert Langdon #1),5148.0,Three
851,Do Androids Dream of Electric Sheep? (Blade Runner #1),5148.0,One
288,Lowriders to the Center of the Earth (Lowriders in Space #2),5151.0,Two
517,"Rich Dad, Poor Dad",5174.0,One
311,"Eaternity: More than 150 Deliciously Easy Vegan Recipes for a Long, Healthy, Satisfied, Joyful Life",5175.0,Five
0,A Light in the Attic,5177.0,Three
905,When I'm Gone,5196.0,Three
111,Danganronpa Volume 1,5199.0,Four
655,The Demonists (Demonist #1),5211.0,Two
9,The Black Maria,5215.0,One
275,"Overload: How to Unplug, Unwind, and Unleash Yourself from the Pressure of Stress",5215.0,Three
38,Behind Closed Doors,5222.0,Four
758,The Demon-Haunted World: Science as a Candle in the Dark,5225.0,Four
248,The Hidden Oracle (The Trials of Apollo #1),5226.0,Two
13,Scott Pilgrim's Precious Little Life (Scott Pilgrim #1),5229.0,Five
509,The Bachelor Girl's Guide to Murder (Herringford and Watts Mysteries #1),5230.0,Five
780,Seven Days in the Art World,5233.0,Two
645,Vogue Colors A to Z: A Fashion Coloring Book,5235.0,Four
126,A Court of Thorns and Roses (A Court of Thorns and Roses #1),5237.0,One
543,A Short History of Nearly Everything,5240.0,Five
632,"Death Note, Vol. 5: Whiteout (Death Note #5)",5241.0,One
744,The Husband's Secret,5251.0,Five
735,The Nanny Diaries (Nanny #1),5253.0,Five
538,"Chronicles, Vol. 1",5260.0,Two
850,Dracula,5262.0,Three
219,Why the Right Went Wrong: Conservatism--From Goldwater to the Tea Party and Beyond,5265.0,Four
235,The Testament of Mary,5267.0,Four
134,Thirteen Reasons Why,5272.0,One
265,Someone Like You (The Harrisons #2),5279.0,Five
480,Heaven is for Real: A Little Boy's Astounding Story of His Trip to Heaven and Back,5286.0,Two
516,"Shrunken Treasures: Literary Classics, Short, Sweet, and Silly",5287.0,Three
901,Diary of a Minecraft Zombie Book 1: A Scare of a Dare (An Unofficial Minecraft Book),5288.0,Four
959,One Second (Seven #7),5294.0,Two
430,The Art and Science of Low Carbohydrate Living,5298.0,Five
819,Lady Renegades (Rebel Belle #3),5304.0,Five
27,Aladdin and His Wonderful Lamp,5313.0,Three
899,Girl Online On Tour (Girl Online #2),5347.0,One
767,The Book Thief,5349.0,Two
709,"Trespassing Across America: One Man's Epic, Never-Done-Before (and Sort of Illegal) Hike Across the Heartland",5351.0,One
193,Finders Keepers (Bill Hodges Trilogy #2),5353.0,Five
490,32 Yolks,5363.0,Two
464,Out of Print: City Lights Spotlight No. 14,5364.0,Five
584,What If?: Serious Scientific Answers to Absurd Hypothetical Questions,5368.0,Four
769,The Blind Side: Evolution of a Game,5371.0,Five
1,Tipping the Velvet,5374.0,One
908,Vampire Girl (Vampire Girl #1),5382.0,Two
97,Judo: Seven Steps to Black Belt (an Introductory Guide for Beginners),5390.0,Two
222,"We Are Robin, Vol. 1: The Vigilante Business (We Are Robin #1)",5390.0,One
286,Luis Paints the World,5395.0,Three
998,1st to Die (Women's Murder Club #1),5398.0,One
395,Take Me Home Tonight (Rock Star Romance #3),5398.0,Three
127,(Un)Qualified: How God Uses Broken People to Do Big Things,5400.0,Five
239,The Rosie Project (Don Tillman #1),5404.0,One
312,"Eat Fat, Get Thin",5407.0,Two
61,The Murder That Never Was (Forensic Instincts #5),5411.0,Three
921,"The Sandman, Vol. 1: Preludes and Nocturnes (The Sandman (volumes) #1)",5412.0,Three
246,The Last Mile (Amos Decker #2),5421.0,Two
462,Proofs of God: Classical Arguments from Tertullian to Barth,5421.0,One
4,Sapiens: A Brief History of Humankind,5423.0,Five
885,A Heartbreaking Work of Staggering Genius,5429.0,Five
109,Everydata: The Misinformation Hidden in the Little Data You Consume Every Day,5435.0,Two
376,Murder at the 42nd Street Library (Raymond Ambler #1),5436.0,Four
431,The Alien Club,5440.0,One
929,The Light of the Fireflies,5443.0,One
195,Eureka Trivia 6.0,5459.0,Four
777,Something Blue (Darcy & Rachel #2),5462.0,One
102,I am a Hero Omnibus Volume 1,5463.0,Three
25,Birdsong: A Story in Pictures,5464.0,Three
375,No Love Allowed (Dodge Cove #1),5465.0,Four
890,"The Sandman, Vol. 2: The Doll's House (The Sandman (volumes) #2)",5481.0,One
432,Suzie Snowflake: One beautiful flake (a self-esteem story),5481.0,Five
849,Dune (Dune #1),5486.0,One
831,House of Leaves,5489.0,One
547,The Perks of Being a Wallflower,5502.0,Three
156,The Girl on the Train,5502.0,Two
488,Being Mortal: Medicine and What Matters in the End,5506.0,Four
313,Don't Get Caught,5535.0,One
806,Midnight Riot (Peter Grant/ Rivers of London - books #1),5546.0,Two
818,"Lamb: The Gospel According to Biff, Christ's Childhood Pal",5550.0,Five
349,A Brush of Wings (Angels Walking #3),5551.0,One
124,A Flight of Arrows (The Pathfinders #2),5553.0,Five
995,Alice in Wonderland (Alice's Adventures in Wonderland #1),5553.0,One
721,"The Sandman, Vol. 3: Dream Country (The Sandman (volumes) #3)",5555.0,Five
741,The Last Painting of Sara de Vos,5555.0,Two
481,Future Shock (Future Shock #1),5565.0,Five
689,A New Earth: Awakening to Your Life's Purpose,5565.0,Five
961,Old Records Never Die: One Man's Quest for His Vinyl and His Past,5566.0,Two
267,Shtum,5584.0,Four
150,The Matchmaker's Playbook (Wingmen Inc. #1),5585.0,One
594,The Hiding Place,5591.0,Four
428,"The Fabric of the Cosmos: Space, Time, and the Texture of Reality",5591.0,One
165,Suddenly in Love (Lake Haven #1),5599.0,Two
598,The False Prince (The Ascendance Trilogy #1),5600.0,Five
855,Darkfever (Fever #1),5602.0,One
322,City of Glass (The Mortal Instruments #3),5602.0,Four
67,The Electric Pencil: Drawings from Inside State Hospital No. 3,5606.0,One
712,The Wild Robot,5607.0,Three
56,The Secret of Dreadwillow Carse,5613.0,One
407,It Didn't Start with You: How Inherited Family Trauma Shapes Who We Are and How to End the Cycle,5627.0,Three
342,Abstract City,5637.0,Five
91,Masks and Shadows,5640.0,Two
57,"The Pioneer Woman Cooks: Dinnertime: Comfort Classics, Freezer Food, 16-Minute Meals, and Other Delicious Ways to Solve Supper!",5641.0,One
688,A Walk to Remember,5643.0,One
345,"A Series of Catastrophes and Miracles: A True Story of Love, Science, and Cancer",5648.0,Two
475,I'll Give You the Sun,5648.0,One
58,The Past Never Ends,5650.0,Four
384,Eleanor & Park,5651.0,Five
365,The Dinner Party,5654.0,Two
879,Are We Smart Enough to Know How Smart Animals Are?,5658.0,One
572,Fun Home: A Family Tragicomic,5659.0,Four
442,A Shard of Ice (The Black Symphony Saga #1),5663.0,Three
795,Packing for Mars: The Curious Science of Life in the Void,5668.0,Two
823,Into the Wild,5670.0,Five
978,"Giant Days, Vol. 1 (Giant Days #1-4)",5676.0,Four
122,"A Piece of Sky, a Grain of Rice: A Memoir in Four Meditations",5676.0,Five
231,The Wright Brothers,5680.0,Four
383,Equal Is Unfair: America's Misguided Fight Against Income Inequality,5686.0,One
579,A Year in Provence (Provence #1),5688.0,Four
487,Between the World and Me,5691.0,Four
996,"Ajin: Demi-Human, Volume 1 (Ajin: Demi-Human #1)",5706.0,Four
972,Kitchens of the Great Midwest,5720.0,Five
687,Animal Farm,5722.0,Three
15,"Our Band Could Be Your Life: Scenes from the American Indie Underground, 1981-1991",5725.0,Three
40,Slow States of Collapse: Poems,5731.0,Three
756,"The Disappearing Spoon: And Other True Tales of Madness, Love, and the History of the World from the Periodic Table of the Elements",5735.0,Five
100,Immunity: How Elie Metchnikoff Changed the Course of Modern Medicine,5736.0,Five
186,I Had a Nice Time And Other Lies...: How to find love & sh*t like that,5736.0,Four
898,H is for Hawk,5742.0,Five
528,John Adams,5743.0,Four
752,The Girl Who Kicked the Hornet's Nest (Millennium Trilogy #3),5748.0,One
940,The Bhagavad Gita,5749.0,Three
807,Me Talk Pretty One Day,5760.0,Two
309,El Deafo,5762.0,Five
924,The No. 1 Ladies' Detective Agency (No. 1 Ladies' Detective Agency #1),5770.0,Four
589,The Raven Boys (The Raven Cycle #1),5774.0,Four
910,Travels with Charley: In Search of America,5782.0,Five
805,"Miracles from Heaven: A Little Girl, Her Journey to Heaven, and Her Amazing Story of Healing",5783.0,One
545,The Sound Of Love,5784.0,Five
718,The Stand,5786.0,Two
631,Digital Fortress,5800.0,Five
421,Watchmen,5805.0,Four
135,The White Cat and the Monk: A Retelling of the Poem âPangur BÃ¡nâ,5808.0,Four
704,"Unstuffed: Decluttering Your Home, Mind, and Soul",5809.0,One
738,The Lover's Dictionary,5809.0,Two
68,The Death of Humanity: and the Case for Life,5811.0,Four
337,Aristotle and Dante Discover the Secrets of the Universe (Aristotle and Dante Discover the Secrets of the Universe #1),5814.0,Four
379,How to Speak Golf: An Illustrated Guide to Links Lingo,5832.0,Five
458,Silence in the Dark (Logan Point #4),5833.0,Three
948,Shameless,5835.0,Three
466,Miller's Valley,5854.0,Two
576,Catherine the Great: Portrait of a Woman,5855.0,Four
640,Alight (The Generations Trilogy #2),5859.0,Four
684,Candide,5863.0,Three
722,The Rose & the Dagger (The Wrath and the Dawn #2),5864.0,Four
964,Myriad (Prentor #1),5875.0,Four
301,Hamilton: The Revolution,5879.0,Three
637,Approval Junkie: Adventures in Caring Too Much,5881.0,Five
422,Unlimited Intuition Now,5887.0,Four
971,Listen to Me (Fusion #1),5899.0,Three
812,Life Without a Recipe,5904.0,Five
362,The Gray Rhino: How to Recognize and Act on the Obvious Dangers We Ignore,5915.0,Four
393,The Improbability of Love,5945.0,One
549,The Man Who Mistook His Wife for a Hat and Other Clinical Tales,5945.0,Four
387,Boar Island (Anna Pigeon #19),5948.0,Three
133,Thomas Jefferson and the Tripoli Pirates: The Forgotten War That Changed American History,5964.0,One
657,The Bone Hunters (Lexy Vaughan & Steven Macaulay #2),5971.0,Three
366,The Diary of a Young Girl,5990.0,Three
560,The Barefoot Contessa Cookbook,5992.0,Five
860,Civilization and Its Discontents,5995.0,Two
617,Last One Home (New Beginnings #1),5998.0,Three
648,The Perfect Play (Play by Play #1),5999.0,Three
